Task,Pandas Time (seconds),Polars Time (seconds),PySpark Time (seconds)
Load Homogeneous Data,0.016644716262817383,0.0635066032409668,5.778888940811157
Load Heterogeneous Data,6.83990478515625,10.204331159591675,3.5641860961914062
Profile Homogeneous Data,0.0014011859893798828,0.005713462829589844,0.548161506652832
Profile Heterogeneous Data,0.009820938110351562,0.017331838607788086,3.3760604858398438
